,Actual Outcome,prob_0,prob_1,predicted_TARGET
0,1.0,0.027117792592600498,0.9728822074073995,1.0
1,0.0,0.9395701518807078,0.06042984811929217,0.0
2,0.0,0.8472167920911899,0.15278320790881006,0.0
3,0.0,0.8854183531690661,0.11458164683093384,0.0
4,0.0,0.8185417843281386,0.18145821567186132,0.0
5,0.0,0.826891703094711,0.17310829690528892,0.0
6,0.0,0.7060244734197723,0.2939755265802278,0.0
7,0.0,0.7820317934598,0.2179682065402,0.0
8,0.0,0.5542959742373643,0.44570402576263574,0.0
9,0.0,0.9267950462768141,0.07320495372318592,0.0
10,0.0,0.9677559129669512,0.03224408703304883,0.0
11,0.0,0.9336592671312004,0.06634073286879963,0.0
12,1.0,0.47611463083411654,0.5238853691658835,1.0
13,1.0,0.6502685462030828,0.3497314537969171,0.0
14,0.0,0.8432305799336759,0.15676942006632413,0.0
15,0.0,0.6844122758229803,0.3155877241770198,0.0
16,0.0,0.9461986227006388,0.053801377299361165,0.0
17,0.0,0.9367554111675587,0.06324458883244131,0.0
18,1.0,0.9458027958855856,0.05419720411441446,0.0
19,0.0,0.8438569885037032,0.15614301149629684,0.0
20,0.0,0.8433660561976741,0.15663394380232581,0.0
21,0.0,0.7369990657806148,0.2630009342193852,0.0
22,0.0,0.9539009513316753,0.04609904866832468,0.0
23,0.0,0.9126516197496661,0.08734838025033387,0.0
24,0.0,0.8577825510761447,0.14221744892385538,0.0
25,1.0,0.6246160007762949,0.37538399922370513,0.0
26,0.0,0.944663919303754,0.05533608069624594,0.0
27,1.0,0.8733688515630189,0.12663114843698103,0.0
28,0.0,0.9208994149492489,0.07910058505075107,0.0
29,1.0,0.646359952396047,0.353640047603953,0.0
30,0.0,0.5579664015975668,0.44203359840243317,0.0
31,0.0,0.9265755212561642,0.07342447874383584,0.0
32,0.0,0.8561181719831938,0.14388182801680618,0.0
33,0.0,0.8977643061276556,0.10223569387234446,0.0
34,0.0,0.8879991683177607,0.1120008316822393,0.0
35,0.0,0.9647539878290824,0.035246012170917655,0.0
36,1.0,0.7119752716181951,0.28802472838180493,0.0
37,0.0,0.8294555901719239,0.1705444098280761,0.0
38,0.0,0.9221099167108633,0.07789008328913674,0.0
39,0.0,0.7711530882935769,0.22884691170642307,0.0
40,0.0,0.9473318330730556,0.05266816692694447,0.0
41,0.0,0.7969673609226062,0.20303263907739383,0.0
42,0.0,0.9257604872120322,0.07423951278796787,0.0
43,1.0,0.33760595731419274,0.6623940426858073,1.0
44,0.0,0.9654040627014738,0.034595937298526204,0.0
45,1.0,0.8450363960487487,0.15496360395125133,0.0
46,0.0,0.8865613031787208,0.11343869682127916,0.0
47,0.0,0.8542231119059442,0.14577688809405578,0.0
48,0.0,0.8842207947934724,0.11577920520652764,0.0
49,0.0,0.7163630227571871,0.2836369772428129,0.0
50,0.0,0.9432856273082185,0.05671437269178151,0.0
51,0.0,0.9623049025012559,0.03769509749874413,0.0
52,0.0,0.8852661745387775,0.11473382546122245,0.0
53,0.0,0.9709090193942439,0.02909098060575608,0.0
54,0.0,0.7321375232721545,0.26786247672784547,0.0
55,0.0,0.9385243790866187,0.06147562091338127,0.0
56,0.0,0.9264100143237834,0.0735899856762165,0.0
57,0.0,0.8009612492626207,0.19903875073737928,0.0
58,0.0,0.9654490394181818,0.034550960581818196,0.0
59,0.0,0.8814117274528224,0.11858827254717767,0.0
60,0.0,0.8142550006095722,0.18574499939042777,0.0
61,0.0,0.2448230252485084,0.7551769747514916,1.0
62,0.0,0.7842049351677474,0.2157950648322526,0.0
63,0.0,0.9099571542751455,0.09004284572485458,0.0
64,0.0,0.8308761202532468,0.16912387974675328,0.0
65,0.0,0.9329389723357433,0.06706102766425669,0.0
66,0.0,0.9730403443543053,0.026959655645694743,0.0
67,1.0,0.8724445491404111,0.12755545085958891,0.0
68,0.0,0.9342459180781633,0.06575408192183674,0.0
69,0.0,0.17125226276198868,0.8287477372380113,1.0
70,0.0,0.9763973663950122,0.02360263360498787,0.0
71,0.0,0.891214442590912,0.10878555740908806,0.0
72,0.0,0.9401763759983996,0.05982362400160032,0.0
73,0.0,0.9409217947837684,0.05907820521623162,0.0
74,0.0,0.926108566390345,0.07389143360965496,0.0
75,0.0,0.8846132399864459,0.1153867600135541,0.0
76,1.0,0.7598091734008975,0.24019082659910249,0.0
77,0.0,0.921707126792098,0.078292873207902,0.0
78,0.0,0.8997413339244871,0.1002586660755129,0.0
79,0.0,0.9075650614495222,0.09243493855047782,0.0
80,0.0,0.9566368348096662,0.043363165190333834,0.0
81,1.0,0.6291117792781311,0.37088822072186894,0.0
82,0.0,0.9441449060876247,0.0558550939123753,0.0
83,0.0,0.9175070611012355,0.08249293889876451,0.0
84,0.0,0.9065991380724046,0.09340086192759549,0.0
85,0.0,0.7589332174126686,0.2410667825873314,0.0
86,0.0,0.4840143963651128,0.5159856036348872,1.0
87,0.0,0.9345974719473288,0.06540252805267122,0.0
88,0.0,0.8897796156014617,0.11022038439853833,0.0
89,0.0,0.8576752629290731,0.14232473707092685,0.0
90,0.0,0.9477622743446474,0.052237725655352556,0.0
91,0.0,0.7284127896981998,0.2715872103018002,0.0
92,0.0,0.9944960753983012,0.005503924601698826,0.0
93,0.0,0.872575240495558,0.12742475950444193,0.0
94,1.0,0.8806779055160792,0.11932209448392087,0.0
95,1.0,0.6431883021811715,0.3568116978188285,0.0
96,0.0,0.9177932363418988,0.08220676365810116,0.0
97,0.0,0.8861756994778974,0.11382430052210261,0.0
98,0.0,0.8869387989317549,0.11306120106824516,0.0
99,1.0,0.6592370489376769,0.34076295106232307,0.0
100,0.0,0.9265657134399924,0.07343428656000758,0.0
101,0.0,0.9083120840117178,0.09168791598828216,0.0
102,0.0,0.8763871328687095,0.12361286713129052,0.0
103,0.0,0.9211900721793033,0.07880992782069675,0.0
104,1.0,0.801124876346399,0.19887512365360105,0.0
105,0.0,0.8482906871104681,0.1517093128895319,0.0
106,0.0,0.7233541610670388,0.27664583893296124,0.0
107,0.0,0.9036637004512246,0.09633629954877546,0.0
108,0.0,0.2621541336010942,0.7378458663989058,1.0
109,0.0,0.908956565773887,0.09104343422611307,0.0
110,0.0,0.948699202005845,0.05130079799415497,0.0
111,0.0,0.7877333169809726,0.21226668301902743,0.0
112,0.0,0.8534288796053485,0.14657112039465145,0.0
113,0.0,0.8984158984599132,0.1015841015400868,0.0
114,0.0,0.9113613501513884,0.08863864984861164,0.0
115,0.0,0.9762647580449705,0.02373524195502953,0.0
116,0.0,0.876231499516392,0.12376850048360805,0.0
117,0.0,0.8405840560864819,0.15941594391351807,0.0
118,0.0,0.6521248126358019,0.34787518736419804,0.0
119,0.0,0.8178766307056187,0.1821233692943813,0.0
120,0.0,0.9862743228707135,0.013725677129286481,0.0
121,1.0,0.8904978136505219,0.10950218634947811,0.0
122,0.0,0.8783677623359865,0.12163223766401353,0.0
123,0.0,0.8678377337913986,0.13216226620860136,0.0
124,0.0,0.9487598038162534,0.0512401961837466,0.0
125,0.0,0.787744004328101,0.21225599567189904,0.0
126,0.0,0.6201084896921074,0.37989151030789264,0.0
127,0.0,0.9449956933662738,0.05500430663372622,0.0
128,0.0,0.8637169916929385,0.13628300830706155,0.0
129,0.0,0.9591132353350306,0.04088676466496944,0.0
130,0.0,0.8679596167417098,0.13204038325829012,0.0
131,0.0,0.9453061613186995,0.05469383868130052,0.0
132,0.0,0.9229848450368625,0.0770151549631375,0.0
133,0.0,0.8708554986960971,0.12914450130390287,0.0
134,0.0,0.8810603007344705,0.11893969926552947,0.0
135,1.0,0.5133559623054658,0.4866440376945343,0.0
136,0.0,0.9210245232877252,0.0789754767122748,0.0
137,0.0,0.9698237906349771,0.0301762093650229,0.0
138,0.0,0.7448110785323538,0.25518892146764616,0.0
139,0.0,0.9343194792375765,0.06568052076242349,0.0
140,0.0,0.9121425939600416,0.08785740603995836,0.0
141,0.0,0.9783437842648601,0.02165621573513987,0.0
142,0.0,0.49409968558046846,0.5059003144195315,1.0
143,0.0,0.9747602007305933,0.02523979926940665,0.0
144,0.0,0.9036700594707336,0.09632994052926634,0.0
145,0.0,0.97599680846838,0.024003191531619977,0.0
146,0.0,0.8537048435657524,0.1462951564342476,0.0
147,0.0,0.8831679859135706,0.11683201408642943,0.0
148,0.0,0.7628216602124058,0.2371783397875942,0.0
149,0.0,0.851874625716633,0.14812537428336697,0.0
150,0.0,0.8696734687593394,0.1303265312406606,0.0
151,0.0,0.9888965616755736,0.01110343832442644,0.0
152,0.0,0.8542555837645947,0.1457444162354054,0.0
153,0.0,0.9534530033293954,0.046546996670604614,0.0
154,1.0,0.5394302965949388,0.4605697034050612,0.0
155,0.0,0.9437019059297295,0.05629809407027055,0.0
156,0.0,0.7564459677259754,0.24355403227402456,0.0
157,1.0,0.8520771333566399,0.1479228666433601,0.0
158,0.0,0.9421343059882716,0.05786569401172834,0.0
159,0.0,0.9318296451265782,0.06817035487342181,0.0
160,0.0,0.8902094893912654,0.10979051060873456,0.0
161,0.0,0.9860148515511457,0.01398514844885436,0.0
162,1.0,0.594511429138191,0.40548857086180895,0.0
163,0.0,0.930163010236615,0.069836989763385,0.0
164,0.0,0.9422470032932733,0.0577529967067267,0.0
165,0.0,0.9111091323793161,0.08889086762068385,0.0
166,0.0,0.9491648277545954,0.05083517224540459,0.0
167,1.0,0.8056753026656642,0.19432469733433577,0.0
168,0.0,0.8679181782021524,0.13208182179784753,0.0
169,0.0,0.9440341794866737,0.055965820513326325,0.0
170,1.0,0.6451180533610259,0.3548819466389741,0.0
171,0.0,0.8351398123792151,0.1648601876207849,0.0
172,0.0,0.9514596264484634,0.04854037355153665,0.0
173,1.0,0.9576397018336711,0.04236029816632889,0.0
174,0.0,0.760870258014726,0.2391297419852741,0.0
175,0.0,0.9128306617705957,0.08716933822940427,0.0
176,0.0,0.8264389375895932,0.17356106241040684,0.0
177,0.0,0.87478393604563,0.12521606395437002,0.0
178,0.0,0.9727658674718273,0.02723413252817277,0.0
179,0.0,0.9383288663004454,0.061671133699554535,0.0
180,1.0,0.9135207402686285,0.08647925973137144,0.0
181,0.0,0.8682366345511996,0.13176336544880038,0.0
182,0.0,0.9350746063534736,0.06492539364652637,0.0
183,0.0,0.9515233805799309,0.04847661942006912,0.0
184,0.0,0.9549166420250295,0.045083357974970574,0.0
185,1.0,0.5897680727256465,0.4102319272743535,0.0
186,0.0,0.9108286207494766,0.0891713792505234,0.0
187,0.0,0.8898825338571057,0.11011746614289429,0.0
188,0.0,0.8358077445908609,0.16419225540913912,0.0
189,1.0,0.40042611238313297,0.599573887616867,1.0
190,0.0,0.7817090311335362,0.21829096886646382,0.0
191,0.0,0.8494852371788776,0.15051476282112242,0.0
192,1.0,0.857395033185917,0.1426049668140829,0.0
193,0.0,0.7873365859501067,0.21266341404989336,0.0
194,0.0,0.5790529636164721,0.42094703638352793,0.0
195,0.0,0.9277952253600718,0.07220477463992823,0.0
196,0.0,0.9260156617864563,0.07398433821354361,0.0
197,1.0,0.668569785151065,0.3314302148489349,0.0
198,0.0,0.9114577833168291,0.0885422166831709,0.0
199,0.0,0.9635767507550111,0.03642324924498883,0.0
200,0.0,0.8696069153692795,0.1303930846307205,0.0
201,0.0,0.8392178323726157,0.1607821676273843,0.0
202,1.0,0.880481808952377,0.11951819104762296,0.0
203,0.0,0.7197334481308586,0.28026655186914146,0.0
204,0.0,0.9535708571632359,0.04642914283676415,0.0
205,0.0,0.7895512972017809,0.21044870279821917,0.0
206,0.0,0.8876493851939606,0.11235061480603942,0.0
207,1.0,0.6074929078456625,0.39250709215433754,0.0
208,0.0,0.9253254500233732,0.07467454997662683,0.0
209,0.0,0.9557458513065923,0.04425414869340769,0.0
210,0.0,0.8040230982211081,0.19597690177889188,0.0
211,0.0,0.8379129948013181,0.16208700519868188,0.0
212,0.0,0.9376153163729015,0.062384683627098474,0.0
213,0.0,0.6893433123855244,0.31065668761447557,0.0
214,0.0,0.8830212730799701,0.11697872692002986,0.0
215,0.0,0.8862930417983835,0.11370695820161648,0.0
216,1.0,0.840071854930345,0.15992814506965497,0.0
217,0.0,0.9613677159224827,0.0386322840775173,0.0
218,0.0,0.8409666704425118,0.15903332955748817,0.0
219,0.0,0.9732297587294302,0.026770241270569865,0.0
220,1.0,0.779787821024613,0.22021217897538706,0.0
221,0.0,0.7068656512799686,0.2931343487200314,0.0
222,0.0,0.975855349399671,0.024144650600328995,0.0
223,0.0,0.8974741883479511,0.10252581165204883,0.0
224,0.0,0.9667897520726322,0.03321024792736785,0.0
225,0.0,0.8970109163653649,0.10298908363463513,0.0
226,0.0,0.9394470137149025,0.06055298628509749,0.0
227,0.0,0.2539335796933515,0.7460664203066485,1.0
228,0.0,0.9357191348784228,0.06428086512157721,0.0
229,0.0,0.6088546503308843,0.3911453496691157,0.0
230,0.0,0.8895028211679616,0.11049717883203833,0.0
231,0.0,0.8920326766705742,0.10796732332942585,0.0
232,0.0,0.9864259630346229,0.013574036965377038,0.0
233,0.0,0.7370415568351639,0.2629584431648361,0.0
234,0.0,0.9411854465623694,0.058814553437630666,0.0
235,0.0,0.889625432642235,0.11037456735776494,0.0
236,0.0,0.7941055532945551,0.20589444670544482,0.0
237,0.0,0.9681612063322245,0.03183879366777559,0.0
238,0.0,0.9481635827182355,0.051836417281764524,0.0
239,0.0,0.8652647410101135,0.13473525898988653,0.0
240,0.0,0.6873905968283547,0.3126094031716454,0.0
241,0.0,0.857187557063865,0.142812442936135,0.0
242,0.0,0.9541834760306634,0.04581652396933654,0.0
243,1.0,0.9067973223344294,0.09320267766557051,0.0
244,1.0,0.6515337548804477,0.34846624511955226,0.0
245,0.0,0.9218179096698089,0.07818209033019108,0.0
246,0.0,0.7725940913576002,0.22740590864239985,0.0
247,0.0,0.8362527543224213,0.1637472456775787,0.0
248,0.0,0.4183948317083013,0.5816051682916987,1.0
249,0.0,0.8086379383577449,0.1913620616422551,0.0
250,0.0,0.8553527130329962,0.14464728696700382,0.0
251,0.0,0.9298348694866616,0.07016513051333845,0.0
252,0.0,0.9130604912233188,0.08693950877668118,0.0
253,0.0,0.6761152284463894,0.32388477155361056,0.0
254,0.0,0.9214870082941461,0.07851299170585395,0.0
255,0.0,0.4175373316029479,0.5824626683970521,1.0
256,0.0,0.9011823208857688,0.09881767911423128,0.0
257,0.0,0.8389455593816304,0.1610544406183696,0.0
258,0.0,0.9140234778659571,0.08597652213404294,0.0
259,0.0,0.8672969683611635,0.13270303163883643,0.0
260,0.0,0.9197568468623297,0.08024315313767026,0.0
261,1.0,0.5997088051881456,0.4002911948118544,0.0
262,1.0,0.3703887245960421,0.6296112754039579,1.0
263,0.0,0.9795827137396319,0.020417286260368046,0.0
264,1.0,0.8195383308814357,0.18046166911856437,0.0
265,0.0,0.873933740868014,0.12606625913198602,0.0
266,1.0,0.8886428558016641,0.11135714419833585,0.0
267,0.0,0.8667871417181185,0.1332128582818814,0.0
268,0.0,0.898545697281507,0.10145430271849297,0.0
269,0.0,0.9618725320608115,0.038127467939188545,0.0
270,0.0,0.9472503876403521,0.05274961235964796,0.0
271,0.0,0.9089543132999077,0.09104568670009226,0.0
272,0.0,0.9802109007716463,0.019789099228353663,0.0
273,0.0,0.6401897093086824,0.3598102906913176,0.0
274,0.0,0.8493947267693521,0.1506052732306479,0.0
275,0.0,0.9837630187686981,0.01623698123130193,0.0
276,0.0,0.9060924241157582,0.09390757588424184,0.0
277,0.0,0.9447078694417737,0.0552921305582264,0.0
278,0.0,0.8748513897632835,0.12514861023671647,0.0
279,0.0,0.9621597193857039,0.03784028061429608,0.0
280,0.0,0.9610681868224826,0.038931813177517385,0.0
281,0.0,0.9442824075183531,0.05571759248164692,0.0
282,0.0,0.8692012415233275,0.1307987584766726,0.0
283,0.0,0.6313036485958357,0.3686963514041644,0.0
284,0.0,0.8916124699805698,0.10838753001943024,0.0
285,0.0,0.9721554630530747,0.027844536946925385,0.0
286,0.0,0.8308261608952405,0.16917383910475947,0.0
287,0.0,0.8609683646005291,0.13903163539947094,0.0
288,1.0,0.8810824203392187,0.11891757966078134,0.0
289,0.0,0.8337471663161159,0.1662528336838841,0.0
290,0.0,0.7643671988765283,0.2356328011234717,0.0
291,0.0,0.8192632341973028,0.18073676580269715,0.0
292,0.0,0.968256243021606,0.03174375697839407,0.0
293,0.0,0.8265830272567168,0.17341697274328316,0.0
294,0.0,0.892802901952915,0.10719709804708501,0.0
295,1.0,0.932819559975624,0.06718044002437595,0.0
296,0.0,0.9649925404954893,0.03500745950451064,0.0
297,1.0,0.9137276497906787,0.08627235020932131,0.0
298,1.0,0.9532410653679338,0.046758934632066165,0.0
299,0.0,0.9699700451379752,0.030029954862024776,0.0
300,0.0,0.9195200216974065,0.08047997830259344,0.0
301,1.0,0.336499684605048,0.663500315394952,1.0
302,0.0,0.886178877127092,0.11382112287290808,0.0
303,0.0,0.8729685591091929,0.12703144089080715,0.0
304,0.0,0.9181575375090684,0.08184246249093159,0.0
305,0.0,0.9758060690455285,0.02419393095447156,0.0
306,0.0,0.8780447799084522,0.12195522009154784,0.0
307,0.0,0.9747416774441329,0.02525832255586718,0.0
308,0.0,0.6932441479411958,0.3067558520588042,0.0
309,1.0,0.3183917413682138,0.6816082586317862,1.0
310,0.0,0.7331616227889506,0.26683837721104936,0.0
311,0.0,0.9175111411277967,0.08248885887220325,0.0
312,0.0,0.9117282270652093,0.08827177293479069,0.0
313,0.0,0.9336921997752643,0.06630780022473574,0.0
314,0.0,0.6494543557004796,0.3505456442995204,0.0
315,1.0,0.7394882238049821,0.26051177619501786,0.0
316,0.0,0.8070586792017869,0.1929413207982132,0.0
317,0.0,0.9151771377626847,0.08482286223731526,0.0
318,1.0,0.8983457401623961,0.10165425983760386,0.0
319,0.0,0.9373571521230317,0.06264284787696826,0.0
320,0.0,0.6220923979771835,0.3779076020228165,0.0
321,0.0,0.9065154543842067,0.09348454561579332,0.0
322,0.0,0.9199044449103629,0.08009555508963702,0.0
323,0.0,0.8458810826675245,0.15411891733247546,0.0
324,0.0,0.8874426173773684,0.11255738262263165,0.0
325,1.0,0.9561823797756959,0.04381762022430411,0.0
326,0.0,0.8117580924952181,0.18824190750478184,0.0
327,0.0,0.8238765909723411,0.17612340902765894,0.0
328,0.0,0.9236999355983584,0.07630006440164162,0.0
329,1.0,0.9337894312758147,0.06621056872418532,0.0
330,0.0,0.9201217270358881,0.0798782729641119,0.0
331,0.0,0.9458550175391296,0.05414498246087036,0.0
332,0.0,0.8077736679631587,0.19222633203684128,0.0
333,0.0,0.9506294583162719,0.049370541683728154,0.0
334,0.0,0.9804874682456952,0.019512531754304816,0.0
335,0.0,0.9057343393595149,0.09426566064048518,0.0
336,0.0,0.9050315142997599,0.09496848570024012,0.0
337,0.0,0.9530784730598691,0.04692152694013087,0.0
338,1.0,0.6699809658001485,0.3300190341998514,0.0
339,0.0,0.8639511539326695,0.1360488460673305,0.0
340,0.0,0.883993891660985,0.11600610833901501,0.0
341,1.0,0.7667532102799444,0.23324678972005558,0.0
342,0.0,0.8646331608988357,0.1353668391011643,0.0
343,0.0,0.9283657252670124,0.07163427473298753,0.0
344,0.0,0.9499057257350505,0.05009427426494947,0.0
345,1.0,0.557096269464116,0.4429037305358841,0.0
346,0.0,0.83500459109716,0.16499540890284,0.0
347,1.0,0.01030413382710138,0.9896958661728986,1.0
348,0.0,0.7872630542853032,0.21273694571469678,0.0
349,0.0,0.8817301601368385,0.11826983986316149,0.0
350,1.0,0.7518846052812895,0.2481153947187104,0.0
351,0.0,0.8621327110402855,0.13786728895971448,0.0
352,1.0,0.7150608243080556,0.2849391756919443,0.0
353,0.0,0.9394977926837857,0.06050220731621423,0.0
354,0.0,0.8151394560893945,0.18486054391060544,0.0
355,0.0,0.849818718766541,0.15018128123345897,0.0
356,0.0,0.9179086605708427,0.08209133942915721,0.0
357,0.0,0.9529867459515585,0.04701325404844151,0.0
358,1.0,0.8677759496672747,0.13222405033272533,0.0
359,1.0,0.7991832511880989,0.20081674881190117,0.0
360,0.0,0.8634633591587307,0.1365366408412693,0.0
361,0.0,0.9567594277249385,0.04324057227506152,0.0
362,0.0,0.4261970672177985,0.5738029327822015,1.0
363,1.0,0.8734104441412209,0.12658955585877904,0.0
364,0.0,0.46563781086132994,0.5343621891386701,1.0
365,0.0,0.968861293728258,0.03113870627174198,0.0
366,1.0,0.1765252793198001,0.8234747206801999,1.0
367,0.0,0.8330232138424827,0.1669767861575173,0.0
368,1.0,0.8269601999423338,0.17303980005766614,0.0
369,0.0,0.8441795728615675,0.15582042713843244,0.0
370,1.0,0.6207257532994102,0.37927424670058985,0.0
371,0.0,0.9856352297075083,0.014364770292491755,0.0
372,0.0,0.9022434333645488,0.09775656663545115,0.0
373,0.0,0.8609680887032465,0.13903191129675355,0.0
374,0.0,0.7717299433744282,0.2282700566255717,0.0
375,0.0,0.896175057560892,0.10382494243910804,0.0
376,0.0,0.9103840177223068,0.0896159822776932,0.0
377,0.0,0.9648874655840267,0.03511253441597328,0.0
378,0.0,0.8776453332733896,0.12235466672661048,0.0
379,0.0,0.9606568518672194,0.03934314813278062,0.0
380,0.0,0.9641480011333924,0.035851998866607636,0.0
381,0.0,0.8180042974246946,0.18199570257530534,0.0
382,0.0,0.9672128329285096,0.03278716707149044,0.0
383,0.0,0.9221279195107267,0.07787208048927326,0.0
384,0.0,0.651402341151023,0.3485976588489769,0.0
385,0.0,0.5063778117248503,0.4936221882751497,0.0
386,0.0,0.8661694092044769,0.13383059079552304,0.0
387,0.0,0.7699266695421692,0.23007333045783085,0.0
388,0.0,0.8992585679753152,0.10074143202468479,0.0
389,0.0,0.86399224137065,0.13600775862935002,0.0
390,0.0,0.9495055239429165,0.05049447605708341,0.0
391,1.0,0.8945245255245667,0.10547547447543325,0.0
392,1.0,0.9393537070200726,0.060646292979927394,0.0
393,1.0,0.9845126312952642,0.015487368704735764,0.0
394,0.0,0.8926989983064709,0.10730100169352912,0.0
395,0.0,0.9207840827599596,0.07921591724004036,0.0
396,0.0,0.9433608208296466,0.0566391791703534,0.0
397,1.0,0.8925400789279114,0.1074599210720886,0.0
398,0.0,0.9762846175540817,0.023715382445918348,0.0
399,0.0,0.6911909534751625,0.30880904652483754,0.0
400,0.0,0.942339549369368,0.05766045063063193,0.0
401,0.0,0.9301766128555339,0.0698233871444661,0.0
402,1.0,0.7934142293998023,0.20658577060019767,0.0
403,0.0,0.8187548173064938,0.18124518269350626,0.0
404,0.0,0.9635564883976742,0.036443511602325875,0.0
405,0.0,0.8274558572790618,0.1725441427209382,0.0
406,0.0,0.8921483918856653,0.10785160811433465,0.0
407,0.0,0.9600800463823,0.03991995361769996,0.0
408,1.0,0.8698978912158541,0.13010210878414585,0.0
409,0.0,0.7750148207499106,0.22498517925008946,0.0
410,0.0,0.871152238044219,0.128847761955781,0.0
411,0.0,0.8736576975719103,0.12634230242808972,0.0
412,0.0,0.7304588929524818,0.26954110704751816,0.0
413,0.0,0.9547312199538813,0.045268780046118694,0.0
414,0.0,0.9416988184965475,0.05830118150345254,0.0
415,0.0,0.6384092691940417,0.3615907308059582,0.0
416,0.0,0.9070911960597108,0.09290880394028928,0.0
417,0.0,0.7545453411782556,0.24545465882174441,0.0
418,0.0,0.652174258357999,0.34782574164200103,0.0
419,0.0,0.9531163598187149,0.0468836401812851,0.0
420,0.0,0.9019328169458315,0.09806718305416846,0.0
421,0.0,0.916857296587583,0.08314270341241706,0.0
422,0.0,0.9590668576506552,0.04093314234934473,0.0
423,0.0,0.9867415517960358,0.01325844820396418,0.0
424,1.0,0.675210275993499,0.32478972400650097,0.0
425,0.0,0.7236913785186343,0.27630862148136576,0.0
426,0.0,0.8663182281227525,0.13368177187724753,0.0
427,0.0,0.8928810983258251,0.10711890167417487,0.0
428,0.0,0.8897417501821735,0.11025824981782653,0.0
429,1.0,0.7807031459794653,0.2192968540205347,0.0
430,0.0,0.9208790959179252,0.07912090408207478,0.0
431,0.0,0.9412051309188032,0.05879486908119675,0.0
432,0.0,0.9210894253128947,0.07891057468710533,0.0
433,0.0,0.8652215542085535,0.13477844579144654,0.0
434,0.0,0.8245439615365024,0.1754560384634976,0.0
435,0.0,0.581564495735954,0.41843550426404597,0.0
436,0.0,0.8355293552278206,0.16447064477217946,0.0
437,0.0,0.6118249237569814,0.3881750762430186,0.0
438,0.0,0.9549469912553924,0.045053008744607624,0.0
439,1.0,0.6936428125988232,0.30635718740117673,0.0
440,0.0,0.5091561544976667,0.4908438455023333,0.0
441,0.0,0.7390455858540661,0.26095441414593396,0.0
442,0.0,0.9704356250295505,0.029564374970449493,0.0
443,1.0,0.2555513996578621,0.7444486003421379,1.0
444,1.0,0.9077005521861883,0.09229944781381175,0.0
445,0.0,0.9055985090502067,0.09440149094979333,0.0
446,0.0,0.7153444288596806,0.2846555711403193,0.0
447,1.0,0.846853733420228,0.153146266579772,0.0
448,0.0,0.8628798331980403,0.13712016680195976,0.0
449,0.0,0.9722677828836982,0.02773221711630177,0.0
450,1.0,0.8682022136651923,0.1317977863348076,0.0
451,0.0,0.9042076859339951,0.0957923140660049,0.0
452,0.0,0.9276168838837833,0.0723831161162167,0.0
453,0.0,0.6284398730553789,0.37156012694462115,0.0
454,0.0,0.06402688905367859,0.9359731109463214,1.0
455,0.0,0.6998467874684611,0.300153212531539,0.0
456,0.0,0.8986659812599523,0.10133401874004762,0.0
457,0.0,0.8751296722620885,0.12487032773791149,0.0
458,0.0,0.9110718987651187,0.08892810123488128,0.0
459,1.0,0.8670051803924108,0.13299481960758913,0.0
460,0.0,0.9588641319464776,0.04113586805352241,0.0
461,0.0,0.9775686242835699,0.02243137571643001,0.0
462,0.0,0.34953257742697563,0.6504674225730244,1.0
463,0.0,0.956572382100109,0.04342761789989098,0.0
464,0.0,0.813085287139621,0.18691471286037897,0.0
465,0.0,0.8701808893097885,0.1298191106902115,0.0
466,1.0,0.9469348712623669,0.05306512873763312,0.0
467,0.0,0.9766196478606491,0.023380352139350857,0.0
468,0.0,0.9195400208030664,0.08045997919693355,0.0
469,0.0,0.886047036681647,0.11395296331835303,0.0
470,0.0,0.887114180655583,0.112885819344417,0.0
471,1.0,0.4718571395965583,0.5281428604034417,1.0
472,1.0,0.8941646466167831,0.10583535338321692,0.0
473,1.0,0.4641870794465175,0.5358129205534825,1.0
474,0.0,0.936403511481845,0.06359648851815498,0.0
475,0.0,0.9083228705176777,0.09167712948232232,0.0
476,0.0,0.9184085148842395,0.08159148511576056,0.0
477,0.0,0.9179194851068844,0.08208051489311563,0.0
478,1.0,0.859065714961475,0.14093428503852498,0.0
479,0.0,0.917132888060692,0.08286711193930792,0.0
480,0.0,0.632019711666378,0.36798028833362195,0.0
481,0.0,0.947306959248529,0.052693040751470965,0.0
482,0.0,0.9207488638678092,0.07925113613219079,0.0
483,0.0,0.9402809896425501,0.059719010357449843,0.0
484,0.0,0.9402872405588357,0.05971275944116426,0.0
485,0.0,0.9331677040245748,0.06683229597542514,0.0
486,0.0,0.8626114041040929,0.13738859589590716,0.0
487,0.0,0.7795970044676404,0.22040299553235967,0.0
488,0.0,0.9603825585310869,0.03961744146891312,0.0
489,0.0,0.47027679495028396,0.529723205049716,1.0
490,0.0,0.9269872857850925,0.07301271421490757,0.0
491,0.0,0.9753440244272304,0.024655975572769565,0.0
492,0.0,0.8648714537000642,0.1351285462999358,0.0
493,0.0,0.9612762231788302,0.03872377682116983,0.0
494,0.0,0.9674418216456137,0.032558178354386326,0.0
495,1.0,0.8046126159833368,0.19538738401666325,0.0
496,0.0,0.8636241348430319,0.1363758651569681,0.0
497,0.0,0.546814064975089,0.45318593502491106,0.0
498,0.0,0.8873281536115123,0.1126718463884877,0.0
499,0.0,0.912684986322295,0.08731501367770506,0.0
500,0.0,0.9775706345646854,0.02242936543531461,0.0
501,0.0,0.9107749702455207,0.08922502975447937,0.0
502,0.0,0.7461960058296653,0.2538039941703347,0.0
503,0.0,0.986532618299836,0.013467381700164057,0.0
504,1.0,0.8711484708591731,0.12885152914082687,0.0
505,0.0,0.7646002216717483,0.23539977832825168,0.0
506,0.0,0.8428791410202953,0.1571208589797047,0.0
507,0.0,0.8649869134574693,0.1350130865425307,0.0
508,0.0,0.8490166014672573,0.15098339853274262,0.0
509,0.0,0.9435844437156116,0.056415556284388484,0.0
510,0.0,0.9600843129166712,0.039915687083328835,0.0
511,1.0,0.6450057753481644,0.3549942246518356,0.0
512,0.0,0.927607144078958,0.07239285592104204,0.0
513,0.0,0.9397260981411141,0.06027390185888589,0.0
514,1.0,0.7216013670370542,0.2783986329629458,0.0
515,0.0,0.8996708226381687,0.10032917736183128,0.0
516,0.0,0.9284083896790217,0.07159161032097823,0.0
517,0.0,0.8513298322230389,0.14867016777696102,0.0
518,0.0,0.8522454647505988,0.1477545352494012,0.0
519,1.0,0.7469613145011682,0.25303868549883174,0.0
520,0.0,0.9280786032150314,0.0719213967849685,0.0
521,0.0,0.9641150034248589,0.03588499657514113,0.0
522,0.0,0.925406094123409,0.07459390587659102,0.0
523,1.0,0.8686998288721738,0.1313001711278262,0.0
524,0.0,0.5627268979936317,0.4372731020063683,0.0
525,0.0,0.9192973125074547,0.08070268749254528,0.0
526,1.0,0.5606298377522898,0.4393701622477102,0.0
527,0.0,0.9316237847825458,0.06837621521745423,0.0
528,1.0,0.7266563250825657,0.2733436749174342,0.0
529,0.0,0.8350801379767117,0.1649198620232883,0.0
530,0.0,0.8757925668919503,0.12420743310804967,0.0
531,0.0,0.9305094073800008,0.06949059261999925,0.0
532,0.0,0.9242133933328118,0.07578660666718819,0.0
533,1.0,0.4977022826308162,0.5022977173691838,1.0
534,0.0,0.9657470938842179,0.034252906115782175,0.0
535,0.0,0.8098574300283683,0.1901425699716317,0.0
536,0.0,0.5658566470331793,0.4341433529668207,0.0
537,1.0,0.8414958778699391,0.15850412213006093,0.0
538,0.0,0.8059425632292343,0.1940574367707657,0.0
539,0.0,0.9882787319502269,0.011721268049773107,0.0
540,0.0,0.7925819206703282,0.20741807932967182,0.0
541,0.0,0.974388482782515,0.025611517217485003,0.0
542,0.0,0.7098489177882037,0.2901510822117963,0.0
543,1.0,0.8961410870274076,0.1038589129725924,0.0
544,0.0,0.9079925971259769,0.09200740287402309,0.0
545,0.0,0.6365961183800676,0.3634038816199324,0.0
546,0.0,0.915882164615805,0.08411783538419504,0.0
547,0.0,0.9372078360820717,0.0627921639179283,0.0
548,0.0,0.7854806749119863,0.21451932508801375,0.0
549,0.0,0.9747952489894155,0.025204751010584454,0.0
550,0.0,0.9177935201112699,0.08220647988873006,0.0
551,0.0,0.8855930298275025,0.11440697017249746,0.0
552,0.0,0.9020817035596032,0.09791829644039679,0.0
553,0.0,0.9738759984345418,0.026124001565458212,0.0
554,1.0,0.1713058648435074,0.8286941351564926,1.0
555,0.0,0.7173254396795057,0.28267456032049426,0.0
556,1.0,0.7980576467713618,0.20194235322863824,0.0
557,0.0,0.9279280177349487,0.0720719822650513,0.0
558,0.0,0.5941765956548809,0.4058234043451191,0.0
559,1.0,0.891633617275417,0.108366382724583,0.0
560,0.0,0.884727764420493,0.11527223557950707,0.0
561,1.0,0.6444758672090919,0.3555241327909081,0.0
562,0.0,0.954573837531695,0.04542616246830502,0.0
563,0.0,0.8263783965734195,0.17362160342658045,0.0
564,0.0,0.7220384418868708,0.2779615581131292,0.0
565,0.0,0.793479540451122,0.206520459548878,0.0
566,0.0,0.8764045615070797,0.12359543849292028,0.0
567,0.0,0.8962201988441278,0.10377980115587211,0.0
568,0.0,0.9709003687536917,0.029099631246308294,0.0
569,0.0,0.9272873120849012,0.07271268791509883,0.0
570,0.0,0.916771479113304,0.08322852088669597,0.0
571,0.0,0.9309969148260516,0.06900308517394839,0.0
572,0.0,0.942305428020465,0.057694571979534995,0.0
573,1.0,0.8334809316874586,0.1665190683125414,0.0
574,1.0,0.9832903147780594,0.016709685221940575,0.0
575,0.0,0.5153400058197379,0.484659994180262,0.0
576,0.0,0.9073290812607131,0.09267091873928686,0.0
577,0.0,0.9583841360283409,0.04161586397165902,0.0
578,0.0,0.9519681534334773,0.04803184656652268,0.0
579,0.0,0.8909096030121876,0.10909039698781244,0.0
580,1.0,0.4936825675061811,0.5063174324938189,1.0
581,0.0,0.9344877700268994,0.06551222997310055,0.0
582,0.0,0.9474153639078534,0.05258463609214657,0.0
583,0.0,0.9216413907933174,0.07835860920668256,0.0
584,0.0,0.9781755045949992,0.021824495405000702,0.0
585,0.0,0.8983261172216898,0.10167388277831022,0.0
586,0.0,0.7929967884367078,0.20700321156329218,0.0
587,0.0,0.7977879405084657,0.20221205949153434,0.0
588,0.0,0.5435865391836002,0.4564134608163998,0.0
589,0.0,0.94071030864175,0.05928969135824998,0.0
590,1.0,0.580494154146074,0.41950584585392603,0.0
591,1.0,0.8492146696230702,0.15078533037692982,0.0
592,0.0,0.9206555033614762,0.07934449663852379,0.0
593,0.0,0.9549949544131336,0.04500504558686638,0.0
594,0.0,0.9368611457881575,0.06313885421184255,0.0
595,0.0,0.9642175020823375,0.03578249791766251,0.0
596,0.0,0.9767196256113736,0.023280374388626443,0.0
597,0.0,0.8860377569040955,0.11396224309590457,0.0
598,1.0,0.46226015245128615,0.5377398475487138,1.0
599,0.0,0.9155358113001064,0.08446418869989353,0.0
